上位のクエリ,クリック数,表示回数,CTR,掲載順位
吸えログ,50,68,73.53%,1.18
the single 梅田,6,91,6.59%,9.25
梅田 居酒屋 喫煙可,5,78,6.41%,22.9
北新地 アウル ラウンジ,4,18,22.22%,5.78
相席ラウンジ the single うめだ阪急東通り店 レビュー,3,174,1.72%,7.48
kafka the listening & bar,3,164,1.83%,5.18
おにぎりbar kome＋ 大阪市,3,54,5.56%,2.31
梅田 居酒屋 喫煙可 個室,3,37,8.11%,9.51
居酒屋コレカラ,3,23,13.04%,4.04
la belle mer,3,14,21.43%,8.71
大阪難波隠れ家焼き肉牛隱,2,96,2.08%,6.45
ザフレッシュ,2,31,6.45%,10.35
bar candle,2,28,7.14%,6.86
34kitchen,2,26,7.69%,8.88
梅田 喫煙可能 居酒屋 個室,2,17,11.76%,9
ザシングル 梅田,1,236,0.42%,9.46
third place shisha cafe&sweets bar,1,197,0.51%,8.88
バルチカ03 喫煙所,1,91,1.1%,10.7
かがやきキッチン,1,87,1.15%,7.76
勝商店 梅田,1,87,1.15%,7.85
the single 大阪,1,78,1.28%,13.15
クラブジジ,1,68,1.47%,8
本格焼酎bar ニチヨウビ,1,68,1.47%,8.78
りんご屋 梅田,1,67,1.49%,7.27
スタンドアイダ,1,66,1.52%,7.55
相席ラウンジ the single うめだ阪急東通り店,1,55,1.82%,9.58
standing bar neo,1,46,2.17%,6.74
獣道ジビエール,1,45,2.22%,7.73
梅田スナック bar lounge chariot 大阪市,1,41,2.44%,5.73
炭火焼鳥 あさヰ 中崎町,1,40,2.5%,6.15
焼鳥 鐘鳥 南森町店,1,40,2.5%,6.38
坂上倶楽部 梅田,1,38,2.63%,8.47
ミスターレディ,1,36,2.78%,6.42
bar core osaka,1,35,2.86%,8.97
厳島 天満,1,33,3.03%,8.27
スーパー ポジティブ バー,1,32,3.12%,5
普通のスナック 梅田,1,32,3.12%,7.91
天満 厳島,1,29,3.45%,5.59
スナックうみ,1,28,3.57%,7.64
ジャズオントップ 梅田,1,25,4%,7.4
相席ラウンジ the single うめだ阪急東通り店 写真,1,24,4.17%,9.54
ガルリデュノール,1,22,4.55%,5.64
新梅田食道街 喫煙可,1,22,4.55%,8.05
感彩人,1,21,4.76%,8.81
sayamistyle(サヤミスタイル) 難波の立ち飲み 写真,1,21,4.76%,9.33
ジュークトゥエンティー,1,20,5%,8.2
難波 鮨 宮 -kyu-,1,20,5%,8.2
jaw dim 梅田,1,19,5.26%,5.37
だしまる,1,19,5.26%,12.58
サカトリーナ(サカ鶏na),1,18,5.56%,7.83
喫茶ルージュ,1,18,5.56%,9.83
ile de v,1,17,5.88%,4.71
queueカフェ大阪,1,16,6.25%,9.19
町中華パンダ厨房,1,16,6.25%,13.19
酒肆 黒崎,1,15,6.67%,7.2
jamaican grill half way tree,1,15,6.67%,8.07
鉄板神社大阪梅田バルチカ03 大阪市 レビュー,1,15,6.67%,8.67
bar expeage,1,14,7.14%,7.29
梅田 喫煙 居酒屋 個室,1,14,7.14%,9
ラピーヌ ダイナー & カフェ,1,13,7.69%,7.15
カフェ queue,1,13,7.69%,8.62
ピポロ ホルモン,1,13,7.69%,9.38
bar second fill,1,13,7.69%,12.46
若どり屋 天満店,1,13,7.69%,19.62
ワイオリ 福島,1,12,8.33%,8.83
西成二代目にしかわや 梅田本店,1,12,8.33%,9.25
梅田 居酒屋 個室 喫煙可,1,12,8.33%,9.42
ビアンバー 梅田,1,11,9.09%,5
立ち呑み やっすん,1,11,9.09%,6.09
スタンドkoneko,1,11,9.09%,6.45
梅田 ザシングル,1,11,9.09%,8.91
東通り 相席屋,1,11,9.09%,9.18
bar costa,1,10,10%,5.9
炭火焼鳥あさヰ,1,7,14.29%,6.43
bar novel レビュー,1,7,14.29%,6.71
ジョージアカフェ 梅田,1,6,16.67%,3
湊町リバープレイス 喫煙所,1,6,16.67%,3.33
スナックひまつぶし,1,6,16.67%,4.5
chill lounge 梅田店,1,6,16.67%,8.67
川奈ビル,1,6,16.67%,11.33
エスカイヤクラブ 駅前第3ビル店,1,6,16.67%,12.33
ドトール 喫煙可能 店舗,1,5,20%,6.8
snack nico,1,5,20%,8.8
天満 ラーテル,1,5,20%,9
梅田 個室 喫煙可,1,5,20%,9.4
梅田 smバー,1,5,20%,14.4
northbar,1,4,25%,4
bar take off,1,4,25%,6
梅田 個室 喫煙,1,4,25%,10
brasserie alain,1,4,25%,13.25
天満炭火焼鳥わっちょい,1,4,25%,26.75
珈琲館 堂島ビルヂング店,1,3,33.33%,4
こまつ 北新地,1,3,33.33%,8.33
北新地 アウル,1,3,33.33%,10
スター リスト 梅田 レビュー,1,3,33.33%,11.67
梅田 喫煙可能 居酒屋,1,3,33.33%,22.67
ワイン-ヤ カワスミ,1,3,33.33%,25.33
スナック,1,3,33.33%,35.33
アッパレシーシャ,1,2,50%,1
まろうど,1,2,50%,2
bar terra,1,2,50%,3.5
自遊空間,1,2,50%,4
黒門漁楽,1,2,50%,8.5
ダイニングバーdank,1,2,50%,10
モータースポーツバー,1,2,50%,12.5
おむすびバー,1,1,100%,1
中津食事処,1,1,100%,1
山水,1,1,100%,1
新時代 居酒屋 喫煙,1,1,100%,1
福島駅 バー,1,1,100%,1
西天満 バー,1,1,100%,1
おにぎりカフェ 大阪,1,1,100%,3
シーシャ梅田,1,1,100%,7
大阪ゲイバー,1,1,100%,8
thesingle 梅田,1,1,100%,10
キミエール 写真,1,1,100%,15
tm17ビル,1,1,100%,17
中崎町 居酒屋,1,1,100%,18
star rist 梅田お初天神店,1,1,100%,23
北新地 焼肉 喫煙可,1,1,100%,24
north trunk 写真,1,1,100%,30
queue カフェ,0,158,0%,8.51
オリエンタルラウンジ 大阪駅前,0,158,0%,11.03
焼き鳥とおつまみ 佐藤 野田本店,0,142,0%,7.79
鐘鳥 南森町,0,104,0%,7.33
曽根崎 バー 喫煙可能,0,97,0%,4.48
海鮮×肉×鉄板バル okiumiya,0,94,0%,25.86
炭火焼き 煙 本店,0,87,0%,8.84
梅田東通うまかもん 梅田東通店,0,78,0%,10.17
韓国屋台酒場 韓ラブ -love- 梅田店 クチコミ,0,78,0%,10.28
オリエンタルラウンジ大阪駅前,0,74,0%,10.03
bar 本色,0,73,0%,13.59
garb weeks,0,73,0%,36.66
カラオケバー neo 梅田２号店 大阪市 レビュー,0,72,0%,5.76
独酌 虎徹,0,70,0%,6.43
お初天神 居酒屋 喫煙可,0,67,0%,23.67
ニチヨウビ,0,63,0%,7.78
備長炭焼き鳥 甲元,0,62,0%,8.18
sayamistyle(サヤミスタイル) 難波の立ち飲み,0,61,0%,9.84
チルラウンジ 梅田,0,60,0%,8.42
健康優良不良酒場,0,58,0%,6.24
b4 梅田,0,58,0%,6.84
カラオケバー neo 梅田２号店 大阪市,0,56,0%,8.57
梅田駅 居酒屋 喫煙可,0,56,0%,23.59
b4梅田,0,55,0%,6.58
炭火と酒とげんげん,0,54,0%,8.91
焼き鳥とおつまみ 佐藤 野田本店 クチコミ,0,54,0%,9.26
イザカヤキツネ天満店 レビュー,0,54,0%,10.28
東通り 居酒屋 喫煙可,0,53,0%,19.94
東通り タバコ吸える 居酒屋,0,53,0%,32.77
リンクス 喫煙所,0,51,0%,11
日本酒焼き鶏弘八（旧：まる八とり友） 大阪市,0,50,0%,7.76
太融寺 タバコ吸える 居酒屋,0,50,0%,22.6
ペロペロバー,0,48,0%,8.92
スターリスト 梅田,0,48,0%,9.1
老松ひらやま,0,44,0%,9.82
queue 大阪,0,44,0%,9.95
シングル 梅田,0,44,0%,10.02
焼鳥と小皿 宵 yoi,0,43,0%,8.37
えん ざ 北 新地,0,42,0%,7.1
えんざ 北新地,0,42,0%,7.57
大衆酒場八銭 梅田堂山店,0,42,0%,9.33
大国町 浪速区 居酒屋 restaurant bar【base】 大阪市,0,41,0%,7.02
東梅田駅 居酒屋 喫煙,0,41,0%,10.56
大衆酒場むにむに 梅田店,0,41,0%,11.1
東梅田 居酒屋 喫煙可,0,41,0%,18.17
chill lounge 梅田,0,39,0%,9.38
スター リスト 梅田,0,39,0%,9.51
堂山 タバコ吸える 居酒屋,0,39,0%,25.21
queueカフェ,0,38,0%,8.61
コミセン河家,0,38,0%,8.71
bar ippuku,0,37,0%,5.97
鉄板神社 梅田,0,37,0%,8.7
鉄板神社大阪梅田バルチカ03 大阪市,0,37,0%,9.14
太融寺 居酒屋 喫煙可,0,37,0%,27.38
bar cloud blank,0,36,0%,7.03
ジャンカラ 梅田芝田町店 レビュー,0,36,0%,10.58
東梅田 タバコ吸える 居酒屋,0,36,0%,25.28
ボクたかし,0,35,0%,8.54
とり友 梅田,0,35,0%,8.66
bar sanée,0,35,0%,8.97
スタンド呑処 大衆酒蔵 丸勝 十三店,0,35,0%,9.23
梅田 タバコ吸える 居酒屋,0,35,0%,25.97
クラブリリス 梅田,0,34,0%,8.71
品味居,0,34,0%,10.97
お初天神 タバコ吸える 居酒屋,0,34,0%,26.26
the single 梅田阪急東通り店,0,33,0%,8.67
nu茶屋町 喫煙所,0,32,0%,12.06
大阪駅喫煙所,0,32,0%,31.81
もみの木 大国町,0,31,0%,7.19
中之島 居酒屋 喫煙可,0,31,0%,28.23
厳島 天満天神橋本店,0,30,0%,6.43
ニチヨウビ 難波,0,30,0%,7.37
梅田ラフテル,0,30,0%,7.57
幸せ立ち呑み 夢ごりら,0,30,0%,8.6
shaka bar osaka,0,30,0%,9.8
梅田 韓デリ,0,30,0%,10.03
東梅田 どて焼き,0,29,0%,5.55
ガシウメガレージ,0,29,0%,7.1
博多baru中村屋 梅田阪急東通り店,0,29,0%,9.28
bar moon walk なんば店,0,29,0%,9.52
マヅラ 喫茶店 喫煙,0,29,0%,9.86
燒肉之殿堂梅田,0,29,0%,14.76
梅田 ビアンバー,0,28,0%,6.86
0時 reizi 大阪市,0,28,0%,7.5
本格焼酎bar ニチヨウビ 写真,0,28,0%,9
立ち飲みパーラー西澤商店,0,27,0%,5.11
バーポジティブ,0,27,0%,6.04
r623 梅田,0,27,0%,7.15
queueカフェ 中之島,0,27,0%,9.41
焼き鳥弘八,0,27,0%,10.04
ジス ナンバ レビュー,0,27,0%,10.37
queue 中之島,0,27,0%,10.74
中之島 タバコ吸える 居酒屋,0,27,0%,37.04
bar mustang,0,26,0%,6.92
喫茶珈琲店ピノキオ 大阪駅前第3ビル店 メニュー,0,26,0%,8.42
イワサキクラブ,0,26,0%,8.62
幸せ立ち呑み 夢ごりら 写真,0,26,0%,9.27
焼き鳥シャバーノ,0,26,0%,9.35
asobibar 梅田お初天神店,0,26,0%,10.65
肴喰人,0,25,0%,7.52
日本酒焼き鶏弘八（旧：まる八とり友） 大阪市 レビュー,0,25,0%,8.44
おでんとお蕎麦居酒屋じんべえ2ビル店,0,25,0%,9.24
創彩空,0,25,0%,9.44
焼き鳥とおつまみ 佐藤 野田本店 レビュー,0,25,0%,10.24
居酒屋ゼゼヒヒ,0,25,0%,16.32
梅田駅 タバコ吸える 居酒屋,0,25,0%,24.2
ホワイティ梅田 喫煙所,0,24,0%,1.54
スナック花嫁修業 大阪市 レビュー,0,24,0%,4.71
鐘鳥 南森町店 大阪府大阪市北区天神橋２丁目北１ 大阪府 大阪市北区 天神橋 2-北1-12 アピオ天神橋 2 osaka,0,24,0%,7.42
喫茶珈琲店ピノキオ 大阪駅前第3ビル店,0,24,0%,8.54
キーフェル三番街,0,24,0%,9.71
梅田 ドトール 喫煙,0,24,0%,10.42
深夜焼肉いちのいち,0,24,0%,10.83
ダーツバー＆カラオケバー zino （ジーノ）天満店 北区 ７ レビュー,0,23,0%,3.48
西澤商店 梅田,0,23,0%,4.52
super positive bar,0,23,0%,5.96
味もんじ,0,23,0%,6.43
gammedcafe,0,23,0%,6.74
スタンドq,0,23,0%,7.3
七代目なお,0,23,0%,8.35
海鮮居酒屋 海幸丸 百番 梅田茶屋町店,0,23,0%,9.17
kiefel 阪急三番街店,0,23,0%,9.39
オリエンタル大阪駅前,0,23,0%,9.57
堂山 居酒屋 喫煙可,0,23,0%,27.57
cafe&bar arc,0,22,0%,6.27
南森町 鐘鳥,0,22,0%,7.64
かがやきキッチン 梅田,0,22,0%,7.77
bar kadom,0,22,0%,8.23
タナカンチ,0,22,0%,8.82
坂上家 梅田,0,22,0%,8.86
スターリスト梅田,0,22,0%,9.14
日本酒と炭火焼き まぐまらし 天満,0,22,0%,9.14
おさけとごはん てっぺん シュセン,0,21,0%,5.67
炭火焼鳥 あさヰ 中崎町 レビュー,0,21,0%,7.14
美魔女と野獣 天満,0,21,0%,7.67
third place shisha cafe&sweets bar レビュー,0,21,0%,7.71
東梅田 喫煙所,0,21,0%,8
餃子のかっちゃん 喫煙,0,21,0%,8.9
初かすみ酒房 日本橋店,0,21,0%,9.1
bar ignition レビュー,0,21,0%,9.52
ナチュラルカフェ菜園,0,21,0%,9.67
焼肉ヘッド本店,0,21,0%,10.14
だるま商店 梅田,0,21,0%,10.43
カクテルマシーンcocktail machine namba レビュー,0,21,0%,10.76
なごみバー roots,0,21,0%,11.33
le cercle,0,21,0%,20.38
kaisen nikuteppambaru okiumiya,0,21,0%,26.14
おこげもんじゃ ラウンジ岡野 兎我野,0,21,0%,35.43
スーパーポジティブバー,0,20,0%,4.7
chill lounge,0,20,0%,5.7
難波 虎徹,0,20,0%,6.3
独酌虎徹,0,20,0%,6.7
mememe 梅田,0,20,0%,8.65
坂上さちこ,0,20,0%,8.95
snack kumachan,0,20,0%,9.15
queue cafe&rooftop,0,20,0%,10.2
ヨドブルーム 梅田,0,20,0%,10.65
ヤミースマイル,0,20,0%,10.85
bar zari,0,20,0%,11.35
晩杯屋 梅田,0,20,0%,11.5
炭火焼鳥 鶏えん,0,20,0%,19.95
viva haus,0,19,0%,5.89
grass シーシャ アメ村店,0,19,0%,6.37
def 中津,0,19,0%,6.79
マヅラ喫茶店 喫煙,0,19,0%,8.53
thai cafe & restaurant tabangin ตะบันกิน レビュー,0,19,0%,9.89
炭火焼鳥 鶏co,0,19,0%,9.95
ジャジャバー,0,19,0%,10
日本酒 焼き鶏 弘八,0,19,0%,10.11
相席屋 東通り,0,19,0%,15
ウイスキーボトルバーブル 北新地店,0,19,0%,18.47
bar core,0,18,0%,5.89
堂山来夢,0,18,0%,7.39
caffè piazza del popolo,0,18,0%,7.94
kafka the listening & bar 大阪市,0,18,0%,8.33
ooluto kitchen bar,0,18,0%,8.67
扇町公園 喫煙所,0,18,0%,8.89
酒庫 梅田,0,18,0%,9.11
隠れや個室 とりで 梅田店,0,18,0%,9.44
プラスグラフ 梅田,0,18,0%,9.5
普通のスナック,0,18,0%,11.28
鉄板jumbo 焼鳥&餃子 すみれ鳥,0,18,0%,25.28
立呑パーラー 西澤商店 大阪市,0,17,0%,4.94
虎徹 難波,0,17,0%,6.06
kafka osaka,0,17,0%,6.53
大阪 日本橋 喫茶店 喫煙,0,17,0%,6.59
アルル 喫煙所,0,17,0%,6.76
えん座 北新地,0,17,0%,7.41
まる八とり友,0,17,0%,7.59
メゾンプラス梅田,0,17,0%,8.71
ファイヤーボンバー バー,0,17,0%,9
cafe andre,0,17,0%,9.41
サヤミスタイル,0,17,0%,9.65
bar juniper,0,17,0%,9.82
ヒルトンプラザイースト 喫煙所,0,17,0%,10.41
caffe piazza del popolo 梅田スカイビル店,0,17,0%,10.71
ザ・フレッシュ,0,17,0%,16.88
大阪駅構内喫煙所,0,17,0%,38.29
おばんざい ゲイ bar tchin-tchin バー ちんちん 大阪市,0,16,0%,2.94
スタンド健康優良不良酒場,0,16,0%,5.94
立ち飲み 初音,0,16,0%,6.19
1920 肥後橋,0,16,0%,6.75
bottom time ボトムタイム,0,16,0%,6.75
cafe&bar mitoco,0,16,0%,6.81
タイパブ,0,16,0%,8.06
ピポロ,0,16,0%,8.38
串カツと貝だしおでん 串揚げ酒場 かわの屋西梅田本店 大阪市 レビュー,0,16,0%,8.44
ワイオリ 大阪市,0,16,0%,8.5
大阪難波隠れ家焼き肉牛隱 レビュー,0,16,0%,8.5
third place bar fizz,0,16,0%,9
ピンポンバー天五バス停前,0,16,0%,9
スナック花嫁修業,0,16,0%,9.19
ツギヱ 北区 ６ レビュー,0,16,0%,9.44
焼肉 笠松,0,16,0%,9.62
pumpkin rocks,0,16,0%,10.06
勝男 喫煙,0,16,0%,10.12
club lilith (リリス) レビュー,0,16,0%,10.44
caffe pizza del popolo 梅田スカイビル店,0,16,0%,10.75
大衆居酒屋 酒ト肴さしすせそ 梅田お初天神店,0,16,0%,11.62
鉄板食房かぶんす,0,16,0%,16.19
ジツボ 土佐堀店,0,16,0%,20.81
bar 北浜 junk,0,16,0%,21.19
dining bar big up,0,15,0%,6.73
ダーツバー＆カラオケバー zino（ジーノ）梅田東通り店,0,15,0%,7.33
ラーテル天満駅,0,15,0%,7.47
ピノキオ fujio coffee 大阪駅前第3ビル店,0,15,0%,8.6
シーシャ喫茶店 天満,0,15,0%,8.67
wythe club,0,15,0%,9.07
ピノキオ 梅田,0,15,0%,9.13
ビストロええとこ,0,15,0%,9.2
リリス 梅田,0,15,0%,9.33
スターリスト お初天神,0,15,0%,9.4
伊江人酒場 梅田,0,15,0%,10.27
ジーノ 梅田,0,15,0%,10.4
魚貴すし レビュー,0,15,0%,10.47
バーモーメント,0,15,0%,11.27
鉄板神社 喫煙,0,15,0%,11.67
cafe & bar roy ロイ,0,15,0%,19
もつ小屋酒膳ゆう,0,15,0%,22.2
bar 淙-sou- 大阪市 レビュー,0,14,0%,5
林檎と、,0,14,0%,5.71
梅田 maniwa,0,14,0%,6.07
日本酒焼き鶏弘八（旧：まる八とり友）,0,14,0%,6.57
プラスグラフ,0,14,0%,6.64
bar glan,0,14,0%,6.71
スタンド 健康優良不良酒場,0,14,0%,6.79
bar law less,0,14,0%,7.43
bar candle レビュー,0,14,0%,7.86
二尺七輪 鳥玖 写真,0,14,0%,8
大衆酒場マルリキ 大阪駅前第1ビル店,0,14,0%,8.64
勝男 タバコ吸える,0,14,0%,8.71
カラオケバーneo,0,14,0%,8.86
やきとり瓦,0,14,0%,8.93
アジアン食堂チョロヤ,0,14,0%,9
大衆酒場 東通りタイガー レビュー,0,14,0%,9.43
おでんと串 大衆酒場 だるま商店,0,14,0%,9.79
bar sense,0,14,0%,9.93
串カツと貝だしおでん 串揚げ酒場 かわの屋西梅田本店,0,14,0%,10.29
clubzizi,0,14,0%,10.5
ザ シングル 梅田,0,14,0%,10.64
bar aglet,0,14,0%,11.29
リンクス梅田 喫煙所,0,14,0%,11.5
キッチン酒場 こぶた,0,14,0%,33.5
喫茶山水,0,13,0%,4.31
立呑パーラー 西澤商店 大阪市 メニュー,0,13,0%,5.23
北新地barマドレ,0,13,0%,6
ミスターレディ ニューハーフラウンジ 大阪市 レビュー,0,13,0%,6.85
焼き鳥瓦 梅田,0,13,0%,6.92
bar moment,0,13,0%,7.15
シーシャ 喫茶店 天満,0,13,0%,7.85
italian meat bal utility イタリアン ミートバル ユーティリティー,0,13,0%,8
バージュニパー,0,13,0%,8.54
メゾンプラス 東梅田,0,13,0%,8.92
炭火焼き 煙 本店 写真,0,13,0%,9.08
焼肉屋 もじもじ 大阪市,0,13,0%,9.08
スタンドアルル,0,13,0%,9.15
queue 大阪カフェ,0,13,0%,9.31
the single うめだ阪急東通り店,0,13,0%,9.38
茜屋珈琲店 梅田,0,13,0%,9.38
鶏乃物語,0,13,0%,9.38
鶏乃物語 土佐堀店,0,13,0%,9.54
大衆酒場八銭 梅田堂山店 写真,0,13,0%,10.08
心斎橋parco 喫煙所,0,13,0%,10.08
bar islet,0,13,0%,10.15
bar nord,0,13,0%,10.77
オリエンタルラウンジ大阪 駅前,0,13,0%,10.77
空心町ハナサカ,0,13,0%,10.77
bar ocean 梅田店,0,13,0%,10.92
0時 reizi 大阪市 レビュー,0,13,0%,11.69
旬菜織部,0,13,0%,12.92
ええやん 北新地本店,0,13,0%,14.08
bar asumo バーアスモ お初天神店,0,13,0%,17.92
焼き鳥とおつまみ 佐藤,0,13,0%,21.77
北新地 タバコ吸える 居酒屋,0,13,0%,25.54
梅田 喫煙,0,13,0%,30
shisha cafe fumus 梅田堂山店,0,13,0%,32.85
ドトールコーヒーショップ東梅田店,0,13,0%,32.92
bar failte(フォルチェ) 大阪市,0,12,0%,3.67
ラウンジ 海,0,12,0%,5.5
third place bar fizz 大阪市,0,12,0%,5.58
サヨナラ天サン,0,12,0%,5.75
難波 ニチヨウビ,0,12,0%,6.17
昭和丸 梅田,0,12,0%,6.75
焼き鳥 瓦 梅田,0,12,0%,6.83
ジュークトゥエンティ,0,12,0%,7
新時代 喫煙,0,12,0%,7.33
ゲームバーpicoty,0,12,0%,7.83
アッパレシーシャ アメ村,0,12,0%,7.92
焼き鳥とおつまみ 佐藤 野田本店 写真,0,12,0%,8.17
梅田 宵,0,12,0%,8.25
韓虎,0,12,0%,8.42
アッパレ シーシャ アメ村,0,12,0%,8.5
ジーノ 天満,0,12,0%,8.5
ignition bar,0,12,0%,8.58
酒場 鳥すけ,0,12,0%,8.75
焼肉笠松,0,12,0%,8.83
パルコ 喫煙所,0,12,0%,9
the drunken clam,0,12,0%,9.08
ザシングル梅田,0,12,0%,9.25
shisha cafe&bar link,0,12,0%,9.92
天満 ジーノ,0,12,0%,9.92
〒530-0056 大阪府大阪市北区兎我野町５−７ 日宝とがの町ビル b1,0,12,0%,10.17
手作りコーヒーの店 nel なんばウォーク店,0,12,0%,10.17
オリエンタルラウンジ大阪駅前 レビュー,0,12,0%,10.67
梅田リンクス 喫煙所,0,12,0%,11
リンクス喫煙所,0,12,0%,11.08
ラ・シャンパーニュ,0,12,0%,14.25
ホワイト ラビット タバーン,0,12,0%,16.17
播鳥 肥後橋店,0,12,0%,19.67
ｐｕｍｐｋｉｎ ｒｏｃｋｓ,0,12,0%,20.92
大衆酒場マルタカ,0,12,0%,23.17
チャイニーズ食堂菜々,0,12,0%,24.25
大阪駅 喫煙所,0,12,0%,29.42
千日前まぐろセンター,0,12,0%,29.58
ｆｏｏｄｉｎｇ ｂａｒ ｒｕｅｌｌｅ 堂山,0,12,0%,31.67
梅田茶屋町応援団 大分からあげと鉄板焼 勝男,0,12,0%,35.08
ベル 梅田,0,12,0%,35.42
梅田サンボア,0,12,0%,36.25
”eight”lounge shisha 大阪市,0,11,0%,4.91
日本酒焼き鶏弘八（旧：まる八とり友） 大阪市 写真,0,11,0%,6.27
十三屋 大光,0,11,0%,6.55
スナックわかめ,0,11,0%,6.82
ばーちんちん,0,11,0%,7.09
英國屋 喫煙,0,11,0%,7.27
イワサキクラブ 大阪,0,11,0%,7.55
サヤミスタイル 予約,0,11,0%,8.27
肉五郎 梅田,0,11,0%,8.27
蛍屋 梅田,0,11,0%,8.27
酒処麺処きのした,0,11,0%,8.55
スナックsara,0,11,0%,8.82
今日しかない 難波,0,11,0%,8.91
梅田 b4,0,11,0%,8.91
島内小館,0,11,0%,9.09
梅田 韓国料理 喫煙可,0,11,0%,10
ドトール 喫煙,0,11,0%,10.09
bar rise 梅田,0,11,0%,10.27
pumpkin rocks レビュー,0,11,0%,10.27
大衆酒場むにむに 梅田店 写真,0,11,0%,10.27
ピンポンバー 天満,0,11,0%,10.55
なんば 鮨 宮 レビュー,0,11,0%,10.73
カンジャン ケジャン 渡 梅田,0,11,0%,10.82
炭屋 へべれけ,0,11,0%,12.09
うまいもんや心・肥後橋店,0,11,0%,14
バーミス,0,11,0%,14.36
地鶏と地魚のお店 大祥庵,0,11,0%,14.64
備長炭やきとり 坂上家,0,11,0%,16.64
酒処麺処 きのした,0,11,0%,18.09
bar jin 仁、 バー ジン,0,11,0%,19.73
ちびすけ 南心斎橋店,0,11,0%,19.91
炭火串焼らいず 南森町店,0,11,0%,20.27
産直市場 西国いちばんや,0,11,0%,20.27
bar amu,0,11,0%,23.09
和牛焼肉 moo,0,11,0%,26
bar pandemic バーパンデミック,0,11,0%,26.09
屋台居酒屋 大阪 満マル 天神橋3丁目店,0,11,0%,26.09
paska パスカ,0,11,0%,27.55
メディアカフェ ポパイ 泉の広場店,0,11,0%,31.64
カフェ&bar 梅田ホリックホテル内,0,11,0%,35.18
川奈ビル b1,0,10,0%,3.3
日本酒とワインの店 藜 大阪府 大阪市北区 曽根崎 1-7-15 曽根崎ムーンビル 2 osaka,0,10,0%,4.9
bar kings バー キングス,0,10,0%,5.2
うた吉 梅田,0,10,0%,5.2
gypsy13,0,10,0%,5.9
うしなべセンター,0,10,0%,6.1
マジックバー イレブン osaka-bar-magic,0,10,0%,6.2
居酒屋スタンドコネコ,0,10,0%,6.5
bar saravah,0,10,0%,7.6
新新品味居,0,10,0%,7.9
fumus,0,10,0%,8.2
サロンドムーンライト,0,10,0%,8.4
cafe＆bar hey hey（バーヘイヘイ） 大阪市,0,10,0%,8.5
la champagne,0,10,0%,8.6
バーミス 梅田,0,10,0%,8.7
炭小町,0,10,0%,8.9
サヨナラ天サン レビュー,0,10,0%,9
焼き鳥瓦,0,10,0%,9.3
bar ignition,0,10,0%,9.4
屋台酒場shyウーロン,0,10,0%,9.6
美魔女と野獣,0,10,0%,9.6
バーセレニティー,0,10,0%,9.7
串カツ酒場ジェット 梅田,0,10,0%,9.8
えん座 北新地店,0,10,0%,10.1
とりとも 梅田,0,10,0%,10.1
フレッシュ 難波,0,10,0%,10.3
シングル 梅田 相席,0,10,0%,10.4
寿 焼き鳥,0,10,0%,11.1
韓国鍋 オモニ 梅田店,0,10,0%,11.3
ハンバーグフル,0,10,0%,11.5
ジャポニカサード 梅田,0,10,0%,12
江南一品,0,10,0%,12.1
バー・ジュニパー,0,10,0%,14.2
居酒屋じんべえ 2ビル店,0,10,0%,15.3
呑み処やまだ,0,10,0%,16.3
grass グラス なんばアメ村店,0,10,0%,20.2
イタリアンダイニング グーフォ ビアンコ,0,10,0%,22.3
和牛焼肉炭小町,0,10,0%,22.8
バームーンウォーク bar moon walk なんば店,0,10,0%,25.3
aisekiya うめだ阪急東通り店,0,10,0%,25.6
肉バル gam 梅田お初天神店,0,10,0%,27.8
串カツとたこ焼きのらっしゃいセー 梅田 お初天神店,0,10,0%,28.7
thai cafe & restaurant tabangin タバンギン,0,10,0%,30.4
イタリアン&bar アトリエ,0,10,0%,31.5
サントリーバー&ダイニング 水響亭,0,10,0%,31.7
和洋焼肉 大伍,0,10,0%,31.8
su梅田,0,9,0%,2.89
韓虎 梅田,0,9,0%,4.89
cafe＆bar hey hey（バーヘイヘイ） 大阪市 レビュー,0,9,0%,5.11
カフェド杏道麗,0,9,0%,5.22
bar オルデ,0,9,0%,5.56
喫茶ルージュ 天王寺,0,9,0%,5.78
立呑み晩杯屋 大阪駅前第四ビル 北区 １１,0,9,0%,7
wine baccers,0,9,0%,7.22
ジェット 梅田,0,9,0%,7.22
北新地えん座,0,9,0%,7.22
甲元 梅田,0,9,0%,7.22
サンボア大阪ターミナル,0,9,0%,7.44
北新地 えん座,0,9,0%,7.44
スタンド q,0,9,0%,7.67
yummy smile,0,9,0%,8
やきとり居酒屋daigomi53,0,9,0%,8
とん彩や 福島店,0,9,0%,8.22
shot bar soar,0,9,0%,8.78
sweetsとbar 悠,0,9,0%,8.78
おでんとお蕎麦居酒屋じんべえ 2ビル店,0,9,0%,8.89
grass シーシャ,0,9,0%,9
焼肉 大伍 梅田 北新地店,0,9,0%,9
ビストロ ええとこ,0,9,0%,9.22
じんべえ 梅田 第2ビル,0,9,0%,9.33
queue カフェ 大阪,0,9,0%,9.44
バー ジュニパー,0,9,0%,9.67
queue 肥後橋,0,9,0%,9.78
焼き鳥 瓦,0,9,0%,10
立ち飲み 初音 レビュー,0,9,0%,10.22
弘八 梅田,0,9,0%,10.67
オースリー梅田,0,9,0%,11
スタンドコノミ,0,9,0%,11.33
しーしゃ喫茶店 北新地店,0,9,0%,11.89
七囲炉,0,9,0%,12.89
ｓｈｏｔ ｂａｒ ｎｏｂｕ,0,9,0%,13.33
大祥庵,0,9,0%,16.78
隠れ家 wa鶏bar,0,9,0%,16.89
stand alre スタンドアルル,0,9,0%,17.44
旬平 しゅんぺい 難波中店,0,9,0%,17.67
鉄板酒場魂虎,0,9,0%,17.89
得一 扇町店,0,9,0%,18.33
好屋麺,0,9,0%,19.44
呑み処 きのした,0,9,0%,19.56
bar ac depth バー エーシーデプス,0,9,0%,20.33
ぢどり亭 大国町店,0,9,0%,20.67
炭焼屋勝商店,0,9,0%,23.56
珍三カルビ 南森店,0,9,0%,24
創作鉄板 一文字,0,9,0%,24.11
炉端とホルモンと串焼きとおでん とっとっと 梅田お初天神店,0,9,0%,26.22
pumpkinrocks パンプキンロックス 梅田店,0,9,0%,28.78
割烹 悦,0,9,0%,31.89
カラオケトモ,0,9,0%,32
shisha cafe&bar cachette カシェット,0,9,0%,34
串カツとたこ焼きのらっしゃいセー 新世界 ジャンジャン横丁店,0,9,0%,36.44
カフェ ミエル と は 飲み物,0,8,0%,1
スナック51,0,8,0%,3.12
酒場おちょぼ どて焼き,0,8,0%,4.62
dining bar big up ダイニングバービッグアップ,0,8,0%,5.5
parco 喫煙所,0,8,0%,6.25
cafe queue,0,8,0%,6.38
うた吉,0,8,0%,6.38
和酒バル101,0,8,0%,6.38
アオバル,0,8,0%,6.5
中津 def,0,8,0%,6.5
ビストロバード 梅田,0,8,0%,6.62
bar34,0,8,0%,7
独酌 虎徹 写真,0,8,0%,7.38
スタンドq なんば,0,8,0%,7.5
梅田 喫煙 個室,0,8,0%,8
壱庵 焼き鳥 梅田,0,8,0%,8.12
総合居酒屋 北新地こまつ,0,8,0%,8.12
焼きしゃぶ 焼肉 笠松,0,8,0%,8.5
shot bar one or eight,0,8,0%,8.75
third place shisha cafe&sweets bar メニュー,0,8,0%,8.75
二尺七輪,0,8,0%,8.75
ジーホリック,0,8,0%,8.88
笠松 梅田,0,8,0%,8.88
梅田 喫煙可 個室,0,8,0%,9
梅田 mememe,0,8,0%,9.25
焼肉虎龍 浪漫亭,0,8,0%,9.25
茶屋町 居酒屋 喫煙可,0,8,0%,9.38
bar juniper 写真,0,8,0%,9.5
焼肉 虎龍 浪漫亭,0,8,0%,9.5
蟻 大阪市,0,8,0%,9.75
ラ・テーム,0,8,0%,9.88
bar310,0,8,0%,10
sayamistyle(サヤミスタイル) 難波の立ち飲み メニュー,0,8,0%,10
アメ村 シーシャ,0,8,0%,10.38
堂島アバンザ 喫煙所,0,8,0%,10.38
ニチヨウビ 焼酎,0,8,0%,10.5
快活club 西梅田曽根崎新地店 レビュー,0,8,0%,10.62
食堂酒場 ラ クレール,0,8,0%,10.62
串カツジェット 梅田,0,8,0%,10.88
muse なんば 道頓堀 店 レビュー,0,8,0%,11
rock bar drink or die ロックバードリンクオアダイ,0,8,0%,11.12
昭和ゴールデン 大阪駅前第4ビル店 レビュー,0,8,0%,11.38
鴨と鶏 酒場 純,0,8,0%,11.38
居酒屋1969・3号店,0,8,0%,11.88
smバー 梅田,0,8,0%,12.12
shot bar ウイスキー研究所,0,8,0%,12.25
ファナティー お初天神店,0,8,0%,12.62
純米酒と葡萄酒 vin-vino,0,8,0%,13.12
caffe luca 堂島アバンザ,0,8,0%,16
たこ焼き酒場 ん,0,8,0%,16.62
bar 4gats バークワトロガット,0,8,0%,18.25
炭火焼肉 ホルモン モツの関ちゃん,0,8,0%,18.62
串かつでんがな大阪駅前第２ビル店,0,8,0%,20.25
炭火串焼らいず南森町店,0,8,0%,20.5
堂山 ビアンバー,0,8,0%,21
たじまや 輝 西天満,0,8,0%,21.25
ファナティー お初天神2,0,8,0%,21.75
champagne&wine salon la cuvee シャンパン&ワイン サロン ラ キュベ,0,8,0%,23.12
デグラセ,0,8,0%,23.62
串かつでんがな／大阪駅前第三ビル店,0,8,0%,24.75
カジュアル和食 メゾンプラス,0,8,0%,24.88
ジローズジュニア girond's jr,0,8,0%,25.5
ウイスキーボトルバーブル 本店,0,8,0%,27.62
大阪一 とり平,0,8,0%,28.62
エスカイヤクラブosビル店,0,8,0%,29.5
hubエキマルシェ大阪ウメスト店,0,8,0%,30
梅田茶屋町北応援団 大分からあげと鉄板焼 勝男,0,8,0%,30.12
難波鳥幸,0,8,0%,30.5
カフェ&バー grass グラス なんば心斎橋店,0,8,0%,32.38
華の閣 はなのかく,0,8,0%,37
yebisu bar ヱビスバー ホワイティうめだ店,0,8,0%,38.62
大衆酒場 串カツとおばんざいのらっしゃいセー,0,8,0%,41.62
bar kokomo,0,7,0%,5.29
心斎橋キーマ,0,7,0%,5.43
十三屋大光,0,7,0%,5.57
イタリアン バル カナル,0,7,0%,6.57
あさい 中崎町,0,7,0%,6.86
stand fab,0,7,0%,7.14
林檎と 福島,0,7,0%,7.43
bar power spot,0,7,0%,7.57
大富豪 第2ビル店 写真,0,7,0%,7.71
カフェ三番館なんば店,0,7,0%,7.86
バルチカ 喫煙所,0,7,0%,8
居酒屋スタンドコネコ 大阪市,0,7,0%,8.14
bloody angle osaka tong,0,7,0%,8.57
cocktail machine,0,7,0%,8.57
r623 バー,0,7,0%,8.71
梅田 勝商店,0,7,0%,8.71
パンダ厨房 梅田,0,7,0%,8.86
sports bar seed,0,7,0%,9
なんば フレッシュ,0,7,0%,9
酒解本店 予約,0,7,0%,9
bar renee,0,7,0%,9.14
ジーノ天満,0,7,0%,9.14
"japan, 〒530-0011 osaka, kita ward, ofukacho, 6−38 グラングリーン大阪 北館 
バー＆ラウンジ「!jaja! bar（ジャジャバー）」",0,7,0%,9.29
とりで 梅田,0,7,0%,9.29
梅田 リリス,0,7,0%,9.29
お初天神 喫煙可 居酒屋,0,7,0%,9.57
ルセルクル 北新地,0,7,0%,9.57
梅田東通うまかもん 梅田東通店 レビュー,0,7,0%,9.57
炭火焼鳥鶏co,0,7,0%,9.57
中之島 queue,0,7,0%,9.86
八銭 堂山,0,7,0%,10.14
bar alain,0,7,0%,10.29
焼肉ヘッド,0,7,0%,10.29
zino 天満,0,7,0%,10.43
喫茶ジャバ,0,7,0%,10.43
メンバーズ道,0,7,0%,10.57
ノーストランク,0,7,0%,10.71
フムス シーシャ,0,7,0%,10.71
寿司割烹 しきの花,0,7,0%,10.71
幸せ立ち呑み 夢ごりら レビュー,0,7,0%,10.71
cafe&dining boo,0,7,0%,11
アウル 北新地,0,7,0%,11
カフェ&ビストロ for yu,0,7,0%,11
ジャンカラ 喫煙,0,7,0%,11
隆膳,0,7,0%,11
エスカイヤクラブ駅前第３ビル店 レビュー,0,7,0%,11.29
相席屋 阪急東通り店,0,7,0%,11.43
bar hirose,0,7,0%,11.57
横浜珈琲 天神橋3丁目店 メニュー,0,7,0%,12.14
cafe spat’s,0,7,0%,12.86
bar moment 西天満,0,7,0%,13.29
bar arc バーアーク 心斎橋,0,7,0%,13.71
diningbar couzen コウゼン,0,7,0%,14.71
ブロスバー,0,7,0%,14.71
bar mm,0,7,0%,15.71
タンとハラミ 梅田 ハナレ店,0,7,0%,16.43
bar heather honey バー ヘザー ハニー,0,7,0%,16.57
dining bar dank,0,7,0%,17
鶏と魚と藁焼き カガヤキ,0,7,0%,17
酔いどれ酒場 だぶるばい,0,7,0%,17.29
居酒屋 とりで梅田駅前店,0,7,0%,17.86
ビストロ馬四郎 梅田店,0,7,0%,18.43
おでんとお蕎麦居酒屋 じんべえ,0,7,0%,19.43
焼鳥と巻き串 鳥々々,0,7,0%,19.43
砦 とりで 梅田店,0,7,0%,20.43
居酒屋 とりで梅田店,0,7,0%,20.57
カガヤキ,0,7,0%,20.86
焼肉ホルモン肉五郎 横丁店,0,7,0%,21.43
beer bar landnneur ランドヌール,0,7,0%,22.29
天ぷら寿司海鮮 米福 西梅田店,0,7,0%,23
unipon2kau2 ウーニーポンポンカウカウ,0,7,0%,24.29
関ちゃん,0,7,0%,25
地鶏焼肉 一鳥 福島店,0,7,0%,25.57
肉バルｇａｍ 梅田お初天神,0,7,0%,26.14
バー サードストーン bar third stone 梅田店,0,7,0%,26.57
大衆食堂ぬ。,0,7,0%,26.57
難波 鳥幸,0,7,0%,29.71
エビスバーホワイティうめだ店,0,7,0%,30.71
堂島サンボア,0,7,0%,32
わびすけ本店,0,7,0%,32.57
pronto プロント 大阪堂島店,0,7,0%,34.57
大衆酒場 びりちゃん 大阪梅田店,0,7,0%,37.86
dining bar m's,0,7,0%,40.29
ラウンジ海,0,6,0%,5.17
仙寅,0,6,0%,5.33
kitte 喫煙所,0,6,0%,5.5
大国町 もみの木,0,6,0%,6
ホワイティうめだ 喫煙所,0,6,0%,6.67
dada 梅田,0,6,0%,7.17
chill lounge梅田店 大阪市,0,6,0%,7.33
チル ラウンジ 梅田,0,6,0%,7.33
jazz on top 梅田,0,6,0%,7.67
本格焼酎barニチヨウビ,0,6,0%,7.83
api 北新地,0,6,0%,8
新田バー,0,6,0%,8
立ち呑みにと,0,6,0%,8
lapichu,0,6,0%,8.17
スタンドfab,0,6,0%,8.17
勝男 喫煙 できる,0,6,0%,8.17
rock bar drink or die,0,6,0%,8.33
佐藤 野田,0,6,0%,8.33
craftroom,0,6,0%,8.5
サヨナラ天さん,0,6,0%,8.5
スナックおゆき,0,6,0%,8.5
bar 狐,0,6,0%,8.67
炭火やきとり愛之助 道頓堀店,0,6,0%,8.67
ギャラリーバー苺,0,6,0%,8.83
東梅田駅 喫煙所,0,6,0%,9
bar kings,0,6,0%,9.17
bar ナマズ,0,6,0%,9.17
中華料理 好屋麺 すきやめん(本店) 大阪市,0,6,0%,9.17
串でんわいわい,0,6,0%,9.17
bar lil farm,0,6,0%,9.33
茜屋珈琲店 大阪店,0,6,0%,9.33
〒530-0041 大阪府大阪市北区天神橋４丁目２−７ 天満松栄会館,0,6,0%,9.5
やっすん,0,6,0%,9.5
ピポロ 焼肉,0,6,0%,9.5
串でん わいわい,0,6,0%,9.5
弘八,0,6,0%,9.5
サカバ・ニッチ（ｓａｋａｂａ・ｎｉｔｃｈ）,0,6,0%,9.67
大富豪 第2ビル店,0,6,0%,9.67
レストラン利樹,0,6,0%,9.83
大衆屋台酒場 まじめや 大阪駅前第2ビル店,0,6,0%,9.83
独酌 虎徹 レビュー,0,6,0%,9.83
bar untrace,0,6,0%,10
dada 大阪市 写真,0,6,0%,10
アドリア 喫茶店,0,6,0%,10.17
串カツ酒場ジェット,0,6,0%,10.17
chill lounge梅田店,0,6,0%,10.33
nnn なんば,0,6,0%,10.33
やきとり大富豪,0,6,0%,10.33
梅田 うまかもん 大阪駅前店,0,6,0%,10.5
焼肉 ヘッド 本店,0,6,0%,10.5
bar lacour レビュー,0,6,0%,11
ゲームバー picoty,0,6,0%,11
北浜 kemuri,0,6,0%,11
串カツと貝だしおでん 串揚げ酒場 かわの屋西梅田本店 大阪市,0,6,0%,11.5
韓国居酒屋 ふぁるふぁる,0,6,0%,12.33
カンジャンケジャン渡 梅田,0,6,0%,12.67
北新地ミスターレディ,0,6,0%,13
フジオ珈琲与力町店,0,6,0%,13.83
西天満 ハンバーグ,0,6,0%,16.17
路地裏焼肉 マックスザホルモン 梅田店,0,6,0%,16.17
bar aglet バーアグレット,0,6,0%,16.5
梅田駅 喫煙所,0,6,0%,16.83
zino 梅田,0,6,0%,19.33
鉄板串酒場 しん家,0,6,0%,20.5
地鶏と鶏だしおでん 鷹仁 南船場店,0,6,0%,21
海幸丸百番,0,6,0%,21
dining bar alive,0,6,0%,21.33
モツの関ちゃん,0,6,0%,21.67
元かつ,0,6,0%,21.67
餃子のかっちゃん 大阪駅前第2ビル店,0,6,0%,21.67
淀屋橋じゅうじろう,0,6,0%,21.83
そば処 松風,0,6,0%,23.5
あぷろ 03 梅田,0,6,0%,23.67
star rist スターリスト 梅田お初天神店,0,6,0%,24
焼鳥 uraban,0,6,0%,24.33
七津屋 大阪駅前第2ビル店,0,6,0%,24.5
大阪駅 喫煙,0,6,0%,24.67
新時代 大阪梅田２号店,0,6,0%,25.5
炭火焼鳥 とこ葉 なんば店,0,6,0%,25.5
曲ル角ニハ泡喰ライ,0,6,0%,26.5
チカサカバ,0,6,0%,27.5
北新地 サンボアバー,0,6,0%,30
和民茶屋町店,0,6,0%,30
お初天神応援団 勝男,0,6,0%,30.5
marciero マリシエロ,0,6,0%,30.67
又来家,0,6,0%,31.17
ラピーヌ喫茶,0,6,0%,31.5
焼肉 又来家,0,6,0%,31.5
又来家金町店,0,6,0%,32
musch ムッシュ 梅田曽根崎店,0,6,0%,33.17
わびすけ 難波本店,0,6,0%,33.83
shisha cafe fumus お初天神店,0,6,0%,35.17
ｇａｒｂ ｗｅｅｋｓ,0,6,0%,36.33
ファナティー 梅田中通り店,0,6,0%,37.83
喫茶三番館,0,6,0%,40.5
天満 バー,0,5,0%,1.2
カフェミエル,0,5,0%,3.6
ouyea,0,5,0%,4.4
スナックユートピア,0,5,0%,5.6
ワインバー 530-0002,0,5,0%,5.8
林檎と,0,5,0%,6
ラウンジアンジュ,0,5,0%,6.4
k club osaka,0,5,0%,6.6
the single 営業時間,0,5,0%,6.6
bar noisy,0,5,0%,6.8
cafe&dining boo カフェアンドダイニングブー,0,5,0%,6.8
bar sisters,0,5,0%,7.2
にしかわや 梅田,0,5,0%,7.2
宵 梅田,0,5,0%,7.2
bar cocomo,0,5,0%,7.4
林檎と、 福島,0,5,0%,7.4
chill lounge梅田店 大阪市 レビュー,0,5,0%,7.6
スターリスト,0,5,0%,7.6
fizz bar,0,5,0%,7.8
ジーホリック 大阪,0,5,0%,7.8
bar hey hey,0,5,0%,8
あまの家,0,5,0%,8.4
お初天神 喫煙所,0,5,0%,8.4
快活クラブ 喫煙,0,5,0%,8.4
bar la,0,5,0%,8.6
liminal 天満,0,5,0%,8.8
reizi,0,5,0%,9
snack kumachan osaka,0,5,0%,9
道頓堀ファンク,0,5,0%,9
candle梅田,0,5,0%,9.2
すきやめん 島之内,0,5,0%,9.2
バー デジャヴ レビュー,0,5,0%,9.2
大阪難波隠れ家焼き肉牛隱 メニュー,0,5,0%,9.2
楽都 大阪,0,5,0%,9.2
kemuri 大阪市 レビュー,0,5,0%,9.4
vamos bar,0,5,0%,9.4
大富豪 第2ビル店 レビュー,0,5,0%,9.4
焼鳥 鐘鳥 南森町店 メニュー,0,5,0%,9.4
バープログレッソ,0,5,0%,9.6
皆様酒場 昭和ゴールデン 大阪駅前第4ビル店,0,5,0%,9.6
北新地 owl,0,5,0%,9.8
浜焼き酒場磯の香り,0,5,0%,9.8
third place shisha cafe&sweets bar 写真,0,5,0%,10
サントリーアダルト,0,5,0%,10
スタンド呑処 大衆酒蔵 丸勝 十三店 写真,0,5,0%,10.2
大阪 駅前 第3ビル 居酒屋 喫煙可,0,5,0%,10.2
梅田 鉄板神社,0,5,0%,10.2
老松 ひらやま,0,5,0%,10.2
餃子のかっちゃん喫煙,0,5,0%,10.2
キーフェル 阪急三番街,0,5,0%,10.4
深夜焼肉 いちのいち,0,5,0%,10.4
tom&jerry bar,0,5,0%,10.6
大富豪 第2ビル店 メニュー,0,5,0%,10.6
梅田 個室 居酒屋 喫煙可,0,5,0%,10.6
すみれ鳥 難波,0,5,0%,10.8
キーフェル 阪急三番街店,0,5,0%,10.8
梅田 リンクス 喫煙所,0,5,0%,10.8
スタンド呑処 大衆酒蔵 丸勝 十三店 メニュー,0,5,0%,11
ダーツバー＆カラオケバー zino（ジーノ）梅田お初天神店,0,5,0%,11
酒処麺処きのした 写真,0,5,0%,11
アソビバー お初天神,0,5,0%,11.2
nu 茶屋町 喫煙所,0,5,0%,11.4
かどや 西成,0,5,0%,11.4
オリエンタルラウンジ 大阪駅前店,0,5,0%,11.6
cafe&diner encontre カフェ&ダイナー エンコンテレ,0,5,0%,11.8
ジャンカラ 道頓堀店 レビュー,0,5,0%,12
六六 鳥焼肉はじめましたの巻 梅田北新地店,0,5,0%,12
咲鶏や レビュー,0,5,0%,12.2
喫煙珈琲&bar,0,5,0%,12.4
大衆居酒屋 酒ト肴さしすせそ 梅田お初天神店 レビュー,0,5,0%,12.4
gino karaoke & darts ジーノ カラオケ アンド ダーツ,0,5,0%,13.8
シングル 相席屋 梅田,0,5,0%,13.8
ダイニングバーｒｕｓｈ,0,5,0%,13.8
備長串屋 わたる 西梅田店,0,5,0%,13.8
ダイニングバーガー キャプテンカンガルー 北新地店,0,5,0%,14.4
マヅラ 梅田,0,5,0%,15.2
a bar ア バー,0,5,0%,15.6
二尺七輪 鳥玖,0,5,0%,15.8
近江 梅田東通り店,0,5,0%,16
大阪 a bar,0,5,0%,16.2
jis namba,0,5,0%,16.4
アーネック,0,5,0%,16.6
お酒の美術館リンクス梅田店,0,5,0%,17.8
大衆酒場ぎふや梅田芝田店,0,5,0%,18.2
pupupu petit a petit bakery&kitchen プププ プティタプティ,0,5,0%,19.4
とりぞう 梅田店,0,5,0%,20
uvillage,0,5,0%,20.2
コプチャンち 難波心斎橋店,0,5,0%,20.2
マヅラ喫茶店,0,5,0%,21
大衆串カツ よっとこ,0,5,0%,21.6
ミュンヘン 淀屋橋店,0,5,0%,22
rooftop bar le'a craft,0,5,0%,22.4
焼肉タンとハラミ 梅田 中通り店,0,5,0%,22.4
ショットバー もも,0,5,0%,22.6
萬願亭,0,5,0%,23
ステーキ ishida． リンクス梅田,0,5,0%,23.8
bar source ２号店,0,5,0%,24
炭火焼肉リバティ 北新地店,0,5,0%,24
牛次郎 お初天神店,0,5,0%,24.2
難波 喫茶店 喫煙,0,5,0%,24.8
ルセルクル,0,5,0%,25.4
博多baru 中村屋,0,5,0%,25.4
バーｄｅｐｔｈｓ,0,5,0%,25.6
のこされ島,0,5,0%,25.8
ゆめ咲小町,0,5,0%,26.4
四季自然喰処 たちばな ヒルトンプラザイースト店,0,5,0%,26.6
阪急梅田応援団 大分からあげと鉄板焼 勝男,0,5,0%,26.8
赤垣屋 天王寺,0,5,0%,29
焼肉 タンとハラミ 梅田店,0,5,0%,29.2
肉と米 焼肉えびす 梅田店,0,5,0%,29.4
立呑み処七津屋大阪駅前第４ビル店,0,5,0%,30.2
ｂａｒ４６１ 喫煙,0,5,0%,31.2
bar nord バー ノルド,0,5,0%,31.4
七輪焼鳥 一鳥 都島店,0,5,0%,31.6
lemonadedisco レモネードディスコ,0,5,0%,32.2
いざかや西澤,0,5,0%,32.4
梅田 arata,0,5,0%,33.8
dynamic kitchen & bar 響 中之島フェスティバルプラザ店,0,5,0%,34.8
大分からあげと鉄板焼 第3ビルb2応援団 勝男,0,5,0%,35.2
musch ムッシュ 梅田hep前店,0,5,0%,35.6
梅田 居酒屋 喫煙 可,0,5,0%,35.8
ａ・ｂａｒ,0,5,0%,36.2
居酒屋 まじめや 大阪駅前第二ビル店,0,5,0%,37
shisha cafe fumus 梅田中崎町店,0,5,0%,37.6
個室シーシャ 白煙,0,5,0%,38
いざかや炭屋,0,5,0%,39.8
朝な夕な,0,5,0%,45.4
焼き鳥 備長炭と宮崎地鶏専門 tora鶏ya 梅田店,0,5,0%,45.4
北新地 スナック,0,4,0%,2
kitte大阪 喫煙所,0,4,0%,3.25
ダイニングバーｒｕｓｈ 大阪市,0,4,0%,3.75
西澤商店,0,4,0%,4
bar ish,0,4,0%,4.5
スカポンタン 天満,0,4,0%,4.5
筋肉酒場シックスパック梅田,0,4,0%,4.5
北新地スナックclan（クラン） 大阪市,0,4,0%,4.75
kushiyakiyatai tsuruhashiotokogushi,0,4,0%,5.5
立呑パーラー 西澤商店 大阪市 レビュー,0,4,0%,5.5
bar maru,0,4,0%,5.75
r623,0,4,0%,5.75
バーキャンドル,0,4,0%,6
立ち飲みやっすん,0,4,0%,6
bar reef,0,4,0%,6.25
kadom,0,4,0%,6.5
record bar moon shine,0,4,0%,6.5
bar nektar,0,4,0%,6.75
福島 林檎と,0,4,0%,6.75
kitte大阪喫煙所,0,4,0%,7
ゲームバーpicoty 大阪梅田,0,4,0%,7
ペロペロ バー,0,4,0%,7
bar rounds,0,4,0%,7.25